Agent,Time,Method,Resource,Version,Status
Mozilla/5.0 (Macintosh; Intel Mac OS X 10_13_3) AppleWebKit/537.36 (KHTML like Gecko) Chrome/65.0.3325.181 Safari/537.36,2018-04-24T02:09:30.942Z,GET,/logs,HTTP/1.1,200
Mozilla/5.0 (Macintosh; Intel Mac OS X 10_13_3) AppleWebKit/537.36 (KHTML like Gecko) Chrome/65.0.3325.181 Safari/537.36,2018-04-24T02:12:08.968Z,GET,/,HTTP/1.1,200
Mozilla/5.0 (Macintosh; Intel Mac OS X 10_13_3) AppleWebKit/537.36 (KHTML like Gecko) Chrome/65.0.3325.181 Safari/537.36,2018-04-24T02:12:23.133Z,GET,/logs,HTTP/1.1,200
Mozilla/5.0 (Macintosh; Intel Mac OS X 10_13_3) AppleWebKit/537.36 (KHTML like Gecko) Chrome/65.0.3325.181 Safari/537.36,2018-04-24T02:13:31.155Z,GET,/logs,HTTP/1.1,200
Mozilla/5.0 (Macintosh; Intel Mac OS X 10_13_3) AppleWebKit/537.36 (KHTML like Gecko) Chrome/65.0.3325.181 Safari/537.36,2018-04-24T02:14:44.049Z,GET,/logs,HTTP/1.1,200
Mozilla/5.0 (Macintosh; Intel Mac OS X 10_13_3) AppleWebKit/537.36 (KHTML like Gecko) Chrome/65.0.3325.181 Safari/537.36,2018-04-24T02:16:50.356Z,GET,/logs,HTTP/1.1,200
Mozilla/5.0 (Macintosh; Intel Mac OS X 10_13_3) AppleWebKit/537.36 (KHTML like Gecko) Chrome/65.0.3325.181 Safari/537.36,2018-04-24T02:21:34.537Z,GET,/logs,HTTP/1.1,200
node-superagent/2.3.0,2018-04-24T02:25:06.327Z,GET,/,HTTP/1.1,200
node-superagent/2.3.0,2018-04-24T02:25:06.343Z,GET,/,HTTP/1.1,200
node-superagent/2.3.0,2018-04-24T02:25:06.346Z,GET,/,HTTP/1.1,200
node-superagent/2.3.0,2018-04-24T02:25:06.349Z,GET,/,HTTP/1.1,200
node-superagent/2.3.0,2018-04-24T02:25:06.351Z,GET,/,HTTP/1.1,200
node-superagent/2.3.0,2018-04-24T02:25:06.354Z,GET,/,HTTP/1.1,200
node-superagent/2.3.0,2018-04-24T02:25:06.356Z,GET,/,HTTP/1.1,200
node-superagent/2.3.0,2018-04-24T02:25:06.359Z,GET,/,HTTP/1.1,200
node-superagent/2.3.0,2018-04-24T02:25:06.364Z,GET,/logs,HTTP/1.1,200
node-superagent/2.3.0,2018-04-24T02:25:06.373Z,GET,/logs,HTTP/1.1,200
Mozilla/5.0 (Macintosh; Intel Mac OS X 10_13_3) AppleWebKit/537.36 (KHTML like Gecko) Chrome/65.0.3325.181 Safari/537.36,2018-04-24T16:31:29.260Z,GET,/,HTTP/1.1,200
Mozilla/5.0 (Macintosh; Intel Mac OS X 10_13_3) AppleWebKit/537.36 (KHTML like Gecko) Chrome/65.0.3325.181 Safari/537.36,2018-04-24T16:31:35.026Z,GET,/logs,HTTP/1.1,200
node-superagent/2.3.0,2018-04-24T16:32:25.257Z,GET,/,HTTP/1.1,200
node-superagent/2.3.0,2018-04-24T16:32:25.271Z,GET,/,HTTP/1.1,200
node-superagent/2.3.0,2018-04-24T16:32:25.275Z,GET,/,HTTP/1.1,200
node-superagent/2.3.0,2018-04-24T16:32:25.277Z,GET,/,HTTP/1.1,200
node-superagent/2.3.0,2018-04-24T16:32:25.280Z,GET,/,HTTP/1.1,200
node-superagent/2.3.0,2018-04-24T16:32:25.282Z,GET,/,HTTP/1.1,200
node-superagent/2.3.0,2018-04-24T16:32:25.285Z,GET,/,HTTP/1.1,200
node-superagent/2.3.0,2018-04-24T16:32:25.288Z,GET,/,HTTP/1.1,200
node-superagent/2.3.0,2018-04-24T16:32:25.291Z,GET,/logs,HTTP/1.1,200
node-superagent/2.3.0,2018-04-24T16:32:25.296Z,GET,/logs,HTTP/1.1,200
node-superagent/2.3.0,2018-04-24T16:36:44.713Z,GET,/,HTTP/1.1,200
node-superagent/2.3.0,2018-04-24T16:36:44.728Z,GET,/,HTTP/1.1,200
node-superagent/2.3.0,2018-04-24T16:36:44.730Z,GET,/,HTTP/1.1,200
node-superagent/2.3.0,2018-04-24T16:36:44.733Z,GET,/,HTTP/1.1,200
node-superagent/2.3.0,2018-04-24T16:36:44.735Z,GET,/,HTTP/1.1,200
node-superagent/2.3.0,2018-04-24T16:36:44.738Z,GET,/,HTTP/1.1,200
node-superagent/2.3.0,2018-04-24T16:36:44.740Z,GET,/,HTTP/1.1,200
node-superagent/2.3.0,2018-04-24T16:36:44.742Z,GET,/,HTTP/1.1,200
node-superagent/2.3.0,2018-04-24T16:36:44.745Z,GET,/logs,HTTP/1.1,200
node-superagent/2.3.0,2018-04-24T16:36:44.750Z,GET,/logs,HTTP/1.1,200
Mozilla/5.0 (Macintosh; Intel Mac OS X 10_13_3) AppleWebKit/537.36 (KHTML like Gecko) Chrome/65.0.3325.181 Safari/537.36,2018-04-24T17:20:15.868Z,GET,/log,HTTP/1.1,200
Mozilla/5.0 (Macintosh; Intel Mac OS X 10_13_3) AppleWebKit/537.36 (KHTML like Gecko) Chrome/65.0.3325.181 Safari/537.36,2018-04-24T17:41:38.867Z,GET,/log,HTTP/1.1,200
Mozilla/5.0 (Macintosh; Intel Mac OS X 10_13_3) AppleWebKit/537.36 (KHTML like Gecko) Chrome/65.0.3325.181 Safari/537.36,2018-04-24T17:41:54.478Z,GET,/logs,HTTP/1.1,200
Mozilla/5.0 (Macintosh; Intel Mac OS X 10_13_3) AppleWebKit/537.36 (KHTML like Gecko) Chrome/65.0.3325.181 Safari/537.36,2018-04-24T17:42:01.665Z,GET,/,HTTP/1.1,200
node-superagent/2.3.0,2018-04-24T17:42:18.395Z,GET,/,HTTP/1.1,200
node-superagent/2.3.0,2018-04-24T17:42:18.419Z,GET,/,HTTP/1.1,200
node-superagent/2.3.0,2018-04-24T17:42:18.422Z,GET,/,HTTP/1.1,200
node-superagent/2.3.0,2018-04-24T17:42:18.426Z,GET,/,HTTP/1.1,200
node-superagent/2.3.0,2018-04-24T17:42:18.428Z,GET,/,HTTP/1.1,200
node-superagent/2.3.0,2018-04-24T17:42:18.431Z,GET,/,HTTP/1.1,200
node-superagent/2.3.0,2018-04-24T17:42:18.434Z,GET,/,HTTP/1.1,200
node-superagent/2.3.0,2018-04-24T17:42:18.437Z,GET,/,HTTP/1.1,200
node-superagent/2.3.0,2018-04-24T17:42:18.443Z,GET,/logs,HTTP/1.1,200
node-superagent/2.3.0,2018-04-24T17:42:18.451Z,GET,/logs,HTTP/1.1,200
node-superagent/2.3.0,2018-04-24T17:43:26.743Z,GET,/,HTTP/1.1,200
node-superagent/2.3.0,2018-04-24T17:43:26.760Z,GET,/,HTTP/1.1,200
node-superagent/2.3.0,2018-04-24T17:43:26.764Z,GET,/,HTTP/1.1,200
node-superagent/2.3.0,2018-04-24T17:43:26.767Z,GET,/,HTTP/1.1,200
node-superagent/2.3.0,2018-04-24T17:43:26.769Z,GET,/,HTTP/1.1,200
node-superagent/2.3.0,2018-04-24T17:43:26.772Z,GET,/,HTTP/1.1,200
node-superagent/2.3.0,2018-04-24T17:43:26.775Z,GET,/,HTTP/1.1,200
node-superagent/2.3.0,2018-04-24T17:43:26.778Z,GET,/,HTTP/1.1,200
node-superagent/2.3.0,2018-04-24T17:43:26.781Z,GET,/logs,HTTP/1.1,200
node-superagent/2.3.0,2018-04-24T17:43:26.790Z,GET,/logs,HTTP/1.1,200
node-superagent/2.3.0,2018-04-24T17:43:48.520Z,GET,/,HTTP/1.1,200
node-superagent/2.3.0,2018-04-24T17:43:48.535Z,GET,/,HTTP/1.1,200
node-superagent/2.3.0,2018-04-24T17:43:48.539Z,GET,/,HTTP/1.1,200
node-superagent/2.3.0,2018-04-24T17:43:48.541Z,GET,/,HTTP/1.1,200
node-superagent/2.3.0,2018-04-24T17:43:48.543Z,GET,/,HTTP/1.1,200
node-superagent/2.3.0,2018-04-24T17:43:48.546Z,GET,/,HTTP/1.1,200
node-superagent/2.3.0,2018-04-24T17:43:48.548Z,GET,/,HTTP/1.1,200
node-superagent/2.3.0,2018-04-24T17:43:48.551Z,GET,/,HTTP/1.1,200
node-superagent/2.3.0,2018-04-24T17:43:48.555Z,GET,/logs,HTTP/1.1,200
node-superagent/2.3.0,2018-04-24T17:43:48.564Z,GET,/logs,HTTP/1.1,200
Mozilla/5.0 (Macintosh; Intel Mac OS X 10_13_3) AppleWebKit/537.36 (KHTML like Gecko) Chrome/65.0.3325.181 Safari/537.36,2018-04-24T17:44:21.093Z,GET,/,HTTP/1.1,200
Mozilla/5.0 (Macintosh; Intel Mac OS X 10_13_3) AppleWebKit/537.36 (KHTML like Gecko) Chrome/65.0.3325.181 Safari/537.36,2018-04-24T17:44:28.098Z,GET,/log,HTTP/1.1,200
Mozilla/5.0 (Macintosh; Intel Mac OS X 10_13_3) AppleWebKit/537.36 (KHTML like Gecko) Chrome/65.0.3325.181 Safari/537.36,2018-04-24T17:44:32.789Z,GET,/logs,HTTP/1.1,200
Mozilla/5.0 (Macintosh; Intel Mac OS X 10_13_3) AppleWebKit/537.36 (KHTML like Gecko) Chrome/65.0.3325.181 Safari/537.36,2018-04-24T17:46:13.178Z,GET,/log,HTTP/1.1,200
Mozilla/5.0 (Macintosh; Intel Mac OS X 10_13_3) AppleWebKit/537.36 (KHTML like Gecko) Chrome/65.0.3325.181 Safari/537.36,2018-04-24T17:46:20.481Z,GET,/logs,HTTP/1.1,200
Mozilla/5.0 (Macintosh; Intel Mac OS X 10_13_3) AppleWebKit/537.36 (KHTML like Gecko) Chrome/65.0.3325.181 Safari/537.36,2018-04-24T17:46:33.210Z,GET,/log,HTTP/1.1,200
Mozilla/5.0 (Macintosh; Intel Mac OS X 10_13_3) AppleWebKit/537.36 (KHTML like Gecko) Chrome/65.0.3325.181 Safari/537.36,2018-04-24T17:48:45.349Z,GET,/logs,HTTP/1.1,200
Mozilla/5.0 (Macintosh; Intel Mac OS X 10_13_3) AppleWebKit/537.36 (KHTML like Gecko) Chrome/65.0.3325.181 Safari/537.36,2018-04-24T17:48:51.494Z,GET,/log,HTTP/1.1,200
Mozilla/5.0 (Macintosh; Intel Mac OS X 10_13_3) AppleWebKit/537.36 (KHTML like Gecko) Chrome/65.0.3325.181 Safari/537.36,2018-04-24T17:49:05.905Z,GET,/,HTTP/1.1,200
Mozilla/5.0 (Macintosh; Intel Mac OS X 10_13_3) AppleWebKit/537.36 (KHTML like Gecko) origin-app/1.1.5 Chrome/58.0.3029.110 Electron/1.7.0 Safari/537.36,2018-04-24T18:13:47.020Z,GET,/logs,HTTP/1.1,200
Mozilla/5.0 (Macintosh; Intel Mac OS X 10_13_3) AppleWebKit/537.36 (KHTML like Gecko) origin-app/1.1.5 Chrome/58.0.3029.110 Electron/1.7.0 Safari/537.36,2018-04-24T18:14:01.935Z,GET,/,HTTP/1.1,200
Mozilla/5.0 (Macintosh; Intel Mac OS X 10_13_3) AppleWebKit/537.36 (KHTML like Gecko) origin-app/1.1.5 Chrome/58.0.3029.110 Electron/1.7.0 Safari/537.36,2018-04-24T18:14:06.992Z,GET,/logs,HTTP/1.1,200
Mozilla/5.0 (Macintosh; Intel Mac OS X 10_13_3) AppleWebKit/537.36 (KHTML like Gecko) Chrome/65.0.3325.181 Safari/537.36,2018-04-24T18:14:22.424Z,GET,/logs,HTTP/1.1,200
Mozilla/5.0 (Macintosh; Intel Mac OS X 10_13_3) AppleWebKit/537.36 (KHTML like Gecko) Chrome/65.0.3325.181 Safari/537.36,2018-04-24T18:14:36.397Z,GET,/log,HTTP/1.1,200
Mozilla/5.0 (Macintosh; Intel Mac OS X 10_13_3) AppleWebKit/537.36 (KHTML like Gecko) Chrome/65.0.3325.181 Safari/537.36,2018-04-24T18:23:30.253Z,GET,/log,HTTP/1.1,200
Mozilla/5.0 (Macintosh; Intel Mac OS X 10_13_3) AppleWebKit/537.36 (KHTML like Gecko) Chrome/65.0.3325.181 Safari/537.36,2018-04-24T18:23:33.222Z,GET,/logs,HTTP/1.1,200
node-superagent/2.3.0,2018-04-24T18:24:12.878Z,GET,/,HTTP/1.1,200
node-superagent/2.3.0,2018-04-24T18:24:12.894Z,GET,/,HTTP/1.1,200
node-superagent/2.3.0,2018-04-24T18:24:12.899Z,GET,/,HTTP/1.1,200
node-superagent/2.3.0,2018-04-24T18:24:12.901Z,GET,/,HTTP/1.1,200
node-superagent/2.3.0,2018-04-24T18:24:12.904Z,GET,/,HTTP/1.1,200
node-superagent/2.3.0,2018-04-24T18:24:12.906Z,GET,/,HTTP/1.1,200
node-superagent/2.3.0,2018-04-24T18:24:12.909Z,GET,/,HTTP/1.1,200
node-superagent/2.3.0,2018-04-24T18:24:12.911Z,GET,/,HTTP/1.1,200
node-superagent/2.3.0,2018-04-24T18:24:12.916Z,GET,/logs,HTTP/1.1,200
node-superagent/2.3.0,2018-04-24T18:24:12.924Z,GET,/logs,HTTP/1.1,200
Mozilla/5.0 (Macintosh; Intel Mac OS X 10_13_3) AppleWebKit/537.36 (KHTML like Gecko) Chrome/65.0.3325.181 Safari/537.36,2018-04-24T18:34:24.548Z,GET,/logs,HTTP/1.1,200
Mozilla/5.0 (Macintosh; Intel Mac OS X 10_13_3) AppleWebKit/537.36 (KHTML like Gecko) Chrome/65.0.3325.181 Safari/537.36,2018-04-24T18:34:30.437Z,GET,/,HTTP/1.1,200
Mozilla/5.0 (Macintosh; Intel Mac OS X 10_13_3) AppleWebKit/537.36 (KHTML like Gecko) Chrome/65.0.3325.181 Safari/537.36,2018-04-24T18:34:39.780Z,GET,/logs,HTTP/1.1,200
Mozilla/5.0 (Macintosh; Intel Mac OS X 10_13_3) AppleWebKit/537.36 (KHTML like Gecko) origin-app/1.1.5 Chrome/58.0.3029.110 Electron/1.7.0 Safari/537.36,2018-04-24T18:37:45.282Z,GET,/,HTTP/1.1,200
Mozilla/5.0 (Macintosh; Intel Mac OS X 10_13_3) AppleWebKit/537.36 (KHTML like Gecko) origin-app/1.1.5 Chrome/58.0.3029.110 Electron/1.7.0 Safari/537.36,2018-04-24T18:37:52.591Z,GET,/logs,HTTP/1.1,200
Mozilla/5.0 (Macintosh; Intel Mac OS X 10_13_3) AppleWebKit/537.36 (KHTML like Gecko) Chrome/65.0.3325.181 Safari/537.36,2018-04-24T18:38:11.899Z,GET,/,HTTP/1.1,200
Mozilla/5.0 (Macintosh; Intel Mac OS X 10_13_3) AppleWebKit/537.36 (KHTML like Gecko) Chrome/65.0.3325.181 Safari/537.36,2018-04-24T18:38:22.475Z,GET,/logs,HTTP/1.1,200
Mozilla/5.0 (Macintosh; Intel Mac OS X 10_13_3) AppleWebKit/537.36 (KHTML like Gecko) origin-app/1.1.5 Chrome/58.0.3029.110 Electron/1.7.0 Safari/537.36,2018-04-24T18:39:52.841Z,GET,/,HTTP/1.1,200
Mozilla/5.0 (Macintosh; Intel Mac OS X 10_13_3) AppleWebKit/537.36 (KHTML like Gecko) Chrome/65.0.3325.181 Safari/537.36,2018-04-24T18:40:02.538Z,GET,/,HTTP/1.1,200
Mozilla/5.0 (Macintosh; Intel Mac OS X 10_13_3) AppleWebKit/537.36 (KHTML like Gecko) Chrome/65.0.3325.181 Safari/537.36,2018-04-24T18:40:08.876Z,GET,/logs,HTTP/1.1,200
node-superagent/2.3.0,2018-04-24T18:42:56.002Z,GET,/,HTTP/1.1,200
node-superagent/2.3.0,2018-04-24T18:42:56.018Z,GET,/,HTTP/1.1,200
node-superagent/2.3.0,2018-04-24T18:42:56.023Z,GET,/,HTTP/1.1,200
node-superagent/2.3.0,2018-04-24T18:42:56.027Z,GET,/,HTTP/1.1,200
node-superagent/2.3.0,2018-04-24T18:42:56.030Z,GET,/,HTTP/1.1,200
node-superagent/2.3.0,2018-04-24T18:42:56.033Z,GET,/,HTTP/1.1,200
node-superagent/2.3.0,2018-04-24T18:42:56.035Z,GET,/,HTTP/1.1,200
node-superagent/2.3.0,2018-04-24T18:42:56.041Z,GET,/,HTTP/1.1,200
node-superagent/2.3.0,2018-04-24T18:42:56.047Z,GET,/logs,HTTP/1.1,200
node-superagent/2.3.0,2018-04-24T18:42:56.057Z,GET,/logs,HTTP/1.1,200
node-superagent/2.3.0,2018-04-24T18:46:35.198Z,GET,/,HTTP/1.1,200
node-superagent/2.3.0,2018-04-24T18:46:35.216Z,GET,/,HTTP/1.1,200
node-superagent/2.3.0,2018-04-24T18:46:35.222Z,GET,/,HTTP/1.1,200
node-superagent/2.3.0,2018-04-24T18:46:35.228Z,GET,/,HTTP/1.1,200
node-superagent/2.3.0,2018-04-24T18:46:35.231Z,GET,/,HTTP/1.1,200
node-superagent/2.3.0,2018-04-24T18:46:35.234Z,GET,/,HTTP/1.1,200
node-superagent/2.3.0,2018-04-24T18:46:35.236Z,GET,/,HTTP/1.1,200
node-superagent/2.3.0,2018-04-24T18:46:35.239Z,GET,/,HTTP/1.1,200
node-superagent/2.3.0,2018-04-24T18:46:35.243Z,GET,/logs,HTTP/1.1,200
node-superagent/2.3.0,2018-04-24T18:46:35.252Z,GET,/logs,HTTP/1.1,200
node-superagent/2.3.0,2018-04-24T18:47:05.454Z,GET,/,HTTP/1.1,200
node-superagent/2.3.0,2018-04-24T18:47:05.470Z,GET,/,HTTP/1.1,200
node-superagent/2.3.0,2018-04-24T18:47:05.475Z,GET,/,HTTP/1.1,200
node-superagent/2.3.0,2018-04-24T18:47:05.482Z,GET,/,HTTP/1.1,200
node-superagent/2.3.0,2018-04-24T18:47:05.485Z,GET,/,HTTP/1.1,200
node-superagent/2.3.0,2018-04-24T18:47:05.487Z,GET,/,HTTP/1.1,200
node-superagent/2.3.0,2018-04-24T18:47:05.490Z,GET,/,HTTP/1.1,200
node-superagent/2.3.0,2018-04-24T18:47:05.493Z,GET,/,HTTP/1.1,200
node-superagent/2.3.0,2018-04-24T18:47:05.497Z,GET,/logs,HTTP/1.1,200
node-superagent/2.3.0,2018-04-24T18:47:05.506Z,GET,/logs,HTTP/1.1,200
node-superagent/2.3.0,2018-04-24T20:11:11.097Z,GET,/,HTTP/1.1,200
node-superagent/2.3.0,2018-04-24T20:11:11.112Z,GET,/,HTTP/1.1,200
node-superagent/2.3.0,2018-04-24T20:11:11.116Z,GET,/,HTTP/1.1,200
node-superagent/2.3.0,2018-04-24T20:11:11.122Z,GET,/,HTTP/1.1,200
node-superagent/2.3.0,2018-04-24T20:11:11.124Z,GET,/,HTTP/1.1,200
node-superagent/2.3.0,2018-04-24T20:11:11.127Z,GET,/,HTTP/1.1,200
node-superagent/2.3.0,2018-04-24T20:11:11.129Z,GET,/,HTTP/1.1,200
node-superagent/2.3.0,2018-04-24T20:11:11.132Z,GET,/,HTTP/1.1,200
node-superagent/2.3.0,2018-04-24T20:11:11.135Z,GET,/logs,HTTP/1.1,200
node-superagent/2.3.0,2018-04-24T20:11:11.139Z,GET,/logs,HTTP/1.1,200
